{
    "AnatomicalLandmarkCoordinates": {
        "LPA": [
            200.35072752863533,
            131.26264041779316,
            130.16002716549093
        ],
        "NAS": [
            130.16379422716466,
            124.88637491167874,
            221.36027967025038
        ],
        "RPA": [
            51.873024397244336,
            141.60209737658602,
            135.8504170765392
        ]
    }
}
