{
    "AnatomicalLandmarkCoordinates": {
        "LPA": [
            196.6015551176896,
            143.95780983333168,
            136.69269840946671
        ],
        "NAS": [
            117.23880087464185,
            136.0301405991992,
            221.19460740141852
        ],
        "RPA": [
            57.095514779299194,
            148.86709092771866,
            124.47783932117042
        ]
    }
}
