{
    "AnatomicalLandmarkCoordinates": {
        "LPA": [
            201.63060442392228,
            149.15311105655195,
            122.39603406851244
        ],
        "NAS": [
            132.18565615592618,
            137.07898120821656,
            215.31001334213295
        ],
        "RPA": [
            57.06215858478848,
            153.75870019777003,
            126.0569509141194
        ]
    }
}
