{
    "AnatomicalLandmarkCoordinates": {
        "LPA": [
            199.45200417387122,
            141.84119701596273,
            126.55649288136988
        ],
        "NAS": [
            136.93744856958668,
            129.31384317974724,
            216.95994506153318
        ],
        "RPA": [
            61.010727697538684,
            147.86594498874243,
            135.3236505338187
        ]
    }
}
