{
    "AnatomicalLandmarkCoordinates": {
        "LPA": [
            202.1590238032734,
            135.81354684560537,
            119.89717960804782
        ],
        "NAS": [
            134.62694449101934,
            107.64750812985568,
            215.77102787338526
        ],
        "RPA": [
            57.64786445315394,
            138.99228446645859,
            125.3329271798642
        ]
    }
}
