{
    "AnatomicalLandmarkCoordinates": {
        "LPA": [
            194.49790887277481,
            146.69863145038673,
            124.52630080857348
        ],
        "NAS": [
            126.35529666196791,
            118.79735194416585,
            205.3858819221598
        ],
        "RPA": [
            60.59251062842662,
            147.18578375719295,
            122.39500703071943
        ]
    }
}
