{
    "AnatomicalLandmarkCoordinates": {
        "LPA": [
            205.14781655733648,
            128.5818527680978,
            125.94880521544137
        ],
        "NAS": [
            122.83357263759183,
            116.30858547536849,
            217.16395367359246
        ],
        "RPA": [
            52.86637892857196,
            143.7904648956898,
            120.37884369469384
        ]
    }
}
