{
    "AnatomicalLandmarkCoordinates": {
        "LPA": [
            196.48470206601945,
            137.33920660483278,
            132.56247571220692
        ],
        "NAS": [
            122.48539190057393,
            119.61600198239918,
            219.47512624142303
        ],
        "RPA": [
            55.89063730536441,
            143.08013112404032,
            122.89663655231472
        ]
    }
}
