{
    "AnatomicalLandmarkCoordinates": {
        "LPA": [
            198.85195565792236,
            133.8546864968797,
            129.7054670358597
        ],
        "NAS": [
            119.40062564735553,
            116.14835433821321,
            213.2679499994095
        ],
        "RPA": [
            56.59330145440751,
            141.47752056796693,
            120.50247144052206
        ]
    }
}
