{
    "AnatomicalLandmarkCoordinates": {
        "LPA": [
            195.17182459589412,
            141.57384050770622,
            136.4238628413578
        ],
        "NAS": [
            133.94971826972167,
            131.20865035396935,
            217.70329406402092
        ],
        "RPA": [
            63.52250691950624,
            147.09103475356974,
            138.3020448229109
        ]
    }
}
