{
    "AnatomicalLandmarkCoordinates": {
        "LPA": [
            194.53558737855178,
            152.69988046062488,
            128.59524705388412
        ],
        "NAS": [
            134.9715096355531,
            123.06753877321346,
            219.54672045873718
        ],
        "RPA": [
            62.56287925209601,
            141.23007994038113,
            128.76157261465204
        ]
    }
}
